Location,Child and Adult Populations,TimeFrame,DataFormat,Data
United States,Age 18 and over,1990,Number,185404302.00
United States,Age 18 and over,1991,Number,187667924.00
United States,Age 18 and over,1992,Number,190005054.00
United States,Age 18 and over,1993,Number,192323657.00
United States,Age 18 and over,1994,Number,194484890.00
United States,Age 18 and over,1995,Number,196805263.00
United States,Age 18 and over,1996,Number,199160779.00
United States,Age 18 and over,1997,Number,201726194.00
United States,Age 18 and over,1998,Number,204422710.00
United States,Age 18 and over,1999,Number,207094130.00
United States,Age 18 and over,2000,Number,209786222.00
United States,Age 18 and over,2001,Number,212297780.00
United States,Age 18 and over,2002,Number,214688736.00
United States,Age 18 and over,2003,Number,217007175.00
United States,Age 18 and over,2004,Number,219507563.00
United States,Age 18 and over,2005,Number,221992930.00
United States,Age 18 and over,2006,Number,224622198.00
United States,Age 18 and over,2007,Number,227211802.00
United States,Age 18 and over,2008,Number,229989364.00
United States,Age 18 and over,2013,Number,242625484.00
United States,Age 18 and over,2009,Number,232637362.00
United States,Age 18 and over,2010,Number,235224861.00
United States,Age 18 and over,2015,Number,247279859.00
United States,Age 18 and over,2011,Number,237747169.00
United States,Age 18 and over,2012,Number,240291024.00
United States,Age 18 and over,2014,Number,244986302.00
United States,Age 18 and over,2016,Number,249485228.00
Alabama,Age 18 and over,2016,Number,3766477.00
Alabama,Age 18 and over,2014,Number,3738514.00
Alabama,Age 18 and over,2011,Number,3676000.00
Alabama,Age 18 and over,2012,Number,3700131.00
Alabama,Age 18 and over,2015,Number,3752441.00
Alabama,Age 18 and over,2010,Number,3654952.00
Alabama,Age 18 and over,2009,Number,3623746.00
Alabama,Age 18 and over,2013,Number,3721377.00
Alabama,Age 18 and over,2008,Number,3583279.00
Alabama,Age 18 and over,2007,Number,3540544.00
Alabama,Age 18 and over,2006,Number,3502183.00
Alabama,Age 18 and over,2005,Number,3452576.00
Alabama,Age 18 and over,2004,Number,3417067.00
Alabama,Age 18 and over,2003,Number,3390408.00
Alabama,Age 18 and over,2002,Number,3363499.00
Alabama,Age 18 and over,2001,Number,3347225.00
Alabama,Age 18 and over,2000,Number,3329900.00
Alabama,Age 18 and over,1999,Number,3308854.00
Alabama,Age 18 and over,1998,Number,3286449.00
Alabama,Age 18 and over,1997,Number,3245042.00
Alabama,Age 18 and over,1996,Number,3219011.00
Alabama,Age 18 and over,1995,Number,3186247.00
Alabama,Age 18 and over,1994,Number,3163049.00
Alabama,Age 18 and over,1993,Number,3128596.00
Alabama,Age 18 and over,1992,Number,3081141.00
Alabama,Age 18 and over,1991,Number,3038362.00
Alabama,Age 18 and over,1990,Number,3000014.00
Alaska,Age 18 and over,1990,Number,375788.00
Alaska,Age 18 and over,1992,Number,403858.00
Alaska,Age 18 and over,1991,Number,388013.00
Alaska,Age 18 and over,1994,Number,415869.00
Alaska,Age 18 and over,1993,Number,412244.00
Alaska,Age 18 and over,1996,Number,423209.00
Alaska,Age 18 and over,1995,Number,419422.00
Alaska,Age 18 and over,1997,Number,424688.00
Alaska,Age 18 and over,1998,Number,427297.00
Alaska,Age 18 and over,1999,Number,433357.00
Alaska,Age 18 and over,2000,Number,437348.00
Alaska,Age 18 and over,2001,Number,444943.00
Alaska,Age 18 and over,2002,Number,453855.00
Alaska,Age 18 and over,2004,Number,472951.00
Alaska,Age 18 and over,2003,Number,461571.00
Alaska,Age 18 and over,2005,Number,481642.00
Alaska,Age 18 and over,2006,Number,489722.00
Alaska,Age 18 and over,2007,Number,495956.00
Alaska,Age 18 and over,2008,Number,504331.00
Alaska,Age 18 and over,2013,Number,548761.00
Alaska,Age 18 and over,2009,Number,512544.00
Alaska,Age 18 and over,2010,Number,525992.00
Alaska,Age 18 and over,2015,Number,551296.00
Alaska,Age 18 and over,2012,Number,542643.00
Alaska,Age 18 and over,2011,Number,534106.00
Alaska,Age 18 and over,2016,Number,554567.00
Alaska,Age 18 and over,2014,Number,549725.00
Arizona,Age 18 and over,2014,Number,5101846.00
Arizona,Age 18 and over,2016,Number,5299579.00
Arizona,Age 18 and over,2011,Number,4853252.00
Arizona,Age 18 and over,2012,Number,4935918.00
Arizona,Age 18 and over,2010,Number,4782170.00
Arizona,Age 18 and over,2015,Number,5195129.00
Arizona,Age 18 and over,2009,Number,4715811.00
Arizona,Age 18 and over,2013,Number,5010942.00
Arizona,Age 18 and over,2008,Number,4651711.00
Arizona,Age 18 and over,2007,Number,4559786.00
Arizona,Age 18 and over,2005,Number,4309909.00
Arizona,Age 18 and over,2006,Number,4454274.00
Arizona,Age 18 and over,2003,Number,4056693.00
Arizona,Age 18 and over,2004,Number,4167950.00
Arizona,Age 18 and over,2002,Number,3968317.00
Arizona,Age 18 and over,2001,Number,3874462.00
Arizona,Age 18 and over,1999,Number,3691427.00
Arizona,Age 18 and over,2000,Number,3787172.00
Arizona,Age 18 and over,1998,Number,3597548.00
Arizona,Age 18 and over,1997,Number,3499831.00
Arizona,Age 18 and over,1995,Number,3259108.00
Arizona,Age 18 and over,1996,Number,3371655.00
Arizona,Age 18 and over,1993,Number,2971207.00
Arizona,Age 18 and over,1994,Number,3125232.00
Arizona,Age 18 and over,1991,Number,2760291.00
Arizona,Age 18 and over,1992,Number,2860168.00
Arizona,Age 18 and over,1990,Number,2678057.00
Arkansas,Age 18 and over,1990,Number,1735653.00
Arkansas,Age 18 and over,1992,Number,1777715.00
Arkansas,Age 18 and over,1991,Number,1756932.00
Arkansas,Age 18 and over,1994,Number,1840177.00
Arkansas,Age 18 and over,1993,Number,1812829.00
Arkansas,Age 18 and over,1995,Number,1867728.00
Arkansas,Age 18 and over,1996,Number,1894197.00
Arkansas,Age 18 and over,1997,Number,1920888.00
Arkansas,Age 18 and over,1998,Number,1942652.00
Arkansas,Age 18 and over,1999,Number,1969920.00
Arkansas,Age 18 and over,2000,Number,1998210.00
Arkansas,Age 18 and over,2001,Number,2011965.00
Arkansas,Age 18 and over,2002,Number,2027129.00
Arkansas,Age 18 and over,2003,Number,2045237.00
Arkansas,Age 18 and over,2004,Number,2066520.00
Arkansas,Age 18 and over,2006,Number,2123919.00
Arkansas,Age 18 and over,2005,Number,2091310.00
Arkansas,Age 18 and over,2007,Number,2145913.00
Arkansas,Age 18 and over,2008,Number,2168829.00
Arkansas,Age 18 and over,2013,Number,2249269.00
Arkansas,Age 18 and over,2009,Number,2188957.00
Arkansas,Age 18 and over,2010,Number,2210425.00
Arkansas,Age 18 and over,2015,Number,2271566.00
Arkansas,Age 18 and over,2012,Number,2239784.00
Arkansas,Age 18 and over,2011,Number,2228343.00
Arkansas,Age 18 and over,2014,Number,2259397.00
Arkansas,Age 18 and over,2016,Number,2283195.00
California,Age 18 and over,2014,Number,29545156.00
California,Age 18 and over,2016,Number,30157154.00
California,Age 18 and over,2011,Number,28428204.00
California,Age 18 and over,2012,Number,28811161.00
California,Age 18 and over,2010,Number,28051003.00
California,Age 18 and over,2015,Number,29879036.00
California,Age 18 and over,2013,Number,29174450.00
California,Age 18 and over,2009,Number,27666728.00
California,Age 18 and over,2007,Number,26914691.00
California,Age 18 and over,2008,Number,27282716.00
California,Age 18 and over,2005,Number,26422378.00
California,Age 18 and over,2006,Number,26650318.00
California,Age 18 and over,2003,Number,25848565.00
California,Age 18 and over,2004,Number,26156079.00
California,Age 18 and over,2001,Number,25153992.00
California,Age 18 and over,2002,Number,25506701.00
California,Age 18 and over,1999,Number,24291326.00
California,Age 18 and over,2000,Number,24720888.00
California,Age 18 and over,1998,Number,23824437.00
California,Age 18 and over,1997,Number,23350651.00
California,Age 18 and over,1996,Number,22939315.00
California,Age 18 and over,1995,Number,22776004.00
California,Age 18 and over,1993,Number,22650118.00
California,Age 18 and over,1994,Number,22694377.00
California,Age 18 and over,1991,Number,22225131.00
California,Age 18 and over,1992,Number,22535012.00
California,Age 18 and over,1990,Number,21979014.00
Colorado,Age 18 and over,1990,Number,2425978.00
Colorado,Age 18 and over,1992,Number,2570362.00
Colorado,Age 18 and over,1991,Number,2490582.00
Colorado,Age 18 and over,1994,Number,2757756.00
Colorado,Age 18 and over,1993,Number,2665928.00
Colorado,Age 18 and over,1995,Number,2842343.00
Colorado,Age 18 and over,1996,Number,2916026.00
Colorado,Age 18 and over,1997,Number,2987736.00
Colorado,Age 18 and over,1998,Number,3056573.00
Colorado,Age 18 and over,2000,Number,3220245.00
Colorado,Age 18 and over,1999,Number,3142080.00
Colorado,Age 18 and over,2002,Number,3352133.00
Colorado,Age 18 and over,2001,Number,3299040.00
Colorado,Age 18 and over,2004,Number,3428644.00
Colorado,Age 18 and over,2003,Number,3384135.00
Colorado,Age 18 and over,2006,Number,3548591.00
Colorado,Age 18 and over,2005,Number,3475489.00
Colorado,Age 18 and over,2008,Number,3686441.00
Colorado,Age 18 and over,2007,Number,3614434.00
Colorado,Age 18 and over,2009,Number,3754982.00
Colorado,Age 18 and over,2013,Number,4029192.00
Colorado,Age 18 and over,2015,Number,4193787.00
Colorado,Age 18 and over,2010,Number,3821527.00
Colorado,Age 18 and over,2012,Number,3955946.00
Colorado,Age 18 and over,2011,Number,3887363.00
Colorado,Age 18 and over,2016,Number,4279173.00
Colorado,Age 18 and over,2014,Number,4104001.00
Connecticut,Age 18 and over,2014,Number,2818025.00
Connecticut,Age 18 and over,2016,Number,2823158.00
Connecticut,Age 18 and over,2011,Number,2784429.00
Connecticut,Age 18 and over,2012,Number,2798829.00
Connecticut,Age 18 and over,2010,Number,2765302.00
Connecticut,Age 18 and over,2015,Number,2821893.00
Connecticut,Age 18 and over,2013,Number,2811953.00
Connecticut,Age 18 and over,2009,Number,2740968.00
Connecticut,Age 18 and over,2007,Number,2693786.00
Connecticut,Age 18 and over,2008,Number,2718953.00
Connecticut,Age 18 and over,2005,Number,2662922.00
Connecticut,Age 18 and over,2006,Number,2678088.00
Connecticut,Age 18 and over,2003,Number,2633221.00
Connecticut,Age 18 and over,2004,Number,2647115.00
Connecticut,Age 18 and over,2001,Number,2586985.00
Connecticut,Age 18 and over,2002,Number,2609872.00
Connecticut,Age 18 and over,1999,Number,2551747.00
Connecticut,Age 18 and over,2000,Number,2569535.00
Connecticut,Age 18 and over,1998,Number,2540752.00
Connecticut,Age 18 and over,1997,Number,2534975.00
Connecticut,Age 18 and over,1996,Number,2524830.00
Connecticut,Age 18 and over,1995,Number,2515521.00
Connecticut,Age 18 and over,1993,Number,2518426.00
Connecticut,Age 18 and over,1994,Number,2514890.00
Connecticut,Age 18 and over,1991,Number,2536591.00
Connecticut,Age 18 and over,1992,Number,2523448.00
Connecticut,Age 18 and over,1990,Number,2539301.00
Delaware,Age 18 and over,1990,Number,503939.00
Delaware,Age 18 and over,1992,Number,520761.00
Delaware,Age 18 and over,1991,Number,513170.00
Delaware,Age 18 and over,1994,Number,536712.00
Delaware,Age 18 and over,1993,Number,529462.00
Delaware,Age 18 and over,1995,Number,547999.00
Delaware,Age 18 and over,1996,Number,556957.00
Delaware,Age 18 and over,1997,Number,564880.00
Delaware,Age 18 and over,1998,Number,574033.00
Delaware,Age 18 and over,2000,Number,591459.00
Delaware,Age 18 and over,1999,Number,582480.00
Delaware,Age 18 and over,2001,Number,599661.00
Delaware,Age 18 and over,2002,Number,609223.00
Delaware,Age 18 and over,2004,Number,631172.00
Delaware,Age 18 and over,2003,Number,619958.00
Delaware,Age 18 and over,2006,Number,655539.00
Delaware,Age 18 and over,2005,Number,643162.00
Delaware,Age 18 and over,2008,Number,677758.00
Delaware,Age 18 and over,2007,Number,666594.00
Delaware,Age 18 and over,2009,Number,685517.00
Delaware,Age 18 and over,2013,Number,721754.00
Delaware,Age 18 and over,2015,Number,739771.00
Delaware,Age 18 and over,2010,Number,694266.00
Delaware,Age 18 and over,2012,Number,712469.00
Delaware,Age 18 and over,2011,Number,702963.00
Delaware,Age 18 and over,2016,Number,747791.00
Delaware,Age 18 and over,2014,Number,731162.00
District of Columbia,Age 18 and over,2014,Number,543936.00
District of Columbia,Age 18 and over,2016,Number,560277.00
District of Columbia,Age 18 and over,2011,Number,516473.00
District of Columbia,Age 18 and over,2012,Number,527592.00
District of Columbia,Age 18 and over,2010,Number,503901.00
District of Columbia,Age 18 and over,2015,Number,552117.00
District of Columbia,Age 18 and over,2013,Number,537420.00
District of Columbia,Age 18 and over,2009,Number,490130.00
District of Columbia,Age 18 and over,2007,Number,470278.00
District of Columbia,Age 18 and over,2008,Number,477979.00
District of Columbia,Age 18 and over,2005,Number,459949.00
District of Columbia,Age 18 and over,2006,Number,465030.00
District of Columbia,Age 18 and over,2003,Number,457099.00
District of Columbia,Age 18 and over,2004,Number,457998.00
District of Columbia,Age 18 and over,2002,Number,459336.00
District of Columbia,Age 18 and over,2001,Number,459879.00
District of Columbia,Age 18 and over,2000,Number,457543.00
District of Columbia,Age 18 and over,1999,Number,455217.00
District of Columbia,Age 18 and over,1998,Number,451393.00
District of Columbia,Age 18 and over,1997,Number,448208.00
District of Columbia,Age 18 and over,1996,Number,451169.00
District of Columbia,Age 18 and over,1995,Number,456899.00
District of Columbia,Age 18 and over,1993,Number,474831.00
District of Columbia,Age 18 and over,1994,Number,467070.00
District of Columbia,Age 18 and over,1991,Number,484045.00
District of Columbia,Age 18 and over,1992,Number,478931.00
District of Columbia,Age 18 and over,1990,Number,492689.00
Florida,Age 18 and over,1990,Number,10044500.00
Florida,Age 18 and over,1992,Number,10530114.00
Florida,Age 18 and over,1994,Number,10939557.00
Florida,Age 18 and over,1991,Number,10324160.00
Florida,Age 18 and over,1993,Number,10713119.00
Florida,Age 18 and over,1996,Number,11421665.00
Florida,Age 18 and over,1995,Number,11171407.00
Florida,Age 18 and over,1997,Number,11684035.00
Florida,Age 18 and over,1998,Number,11928998.00
Florida,Age 18 and over,2000,Number,12392635.00
Florida,Age 18 and over,1999,Number,12147710.00
Florida,Age 18 and over,2001,Number,12642527.00
Florida,Age 18 and over,2002,Number,12914746.00
Florida,Age 18 and over,2004,Number,13524584.00
Florida,Age 18 and over,2003,Number,13183209.00
Florida,Age 18 and over,2006,Number,14144078.00
Florida,Age 18 and over,2005,Number,13873860.00
Florida,Age 18 and over,2008,Number,14508933.00
Florida,Age 18 and over,2007,Number,14336744.00
Florida,Age 18 and over,2013,Number,15558510.00
Florida,Age 18 and over,2009,Number,14655361.00
Florida,Age 18 and over,2010,Number,14851509.00
Florida,Age 18 and over,2015,Number,16144419.00
Florida,Age 18 and over,2012,Number,15334685.00
Florida,Age 18 and over,2011,Number,15097608.00
Florida,Age 18 and over,2016,Number,16465727.00
Florida,Age 18 and over,2014,Number,15833977.00
Georgia,Age 18 and over,2014,Number,7596204.00
Georgia,Age 18 and over,2016,Number,7798827.00
Georgia,Age 18 and over,2011,Number,7323089.00
Georgia,Age 18 and over,2012,Number,7428788.00
Georgia,Age 18 and over,2015,Number,7697752.00
Georgia,Age 18 and over,2010,Number,7223625.00
Georgia,Age 18 and over,2009,Number,7135065.00
Georgia,Age 18 and over,2013,Number,7500887.00
Georgia,Age 18 and over,2007,Number,6893739.00
Georgia,Age 18 and over,2008,Number,7025746.00
Georgia,Age 18 and over,2005,Number,6572318.00
Georgia,Age 18 and over,2006,Number,6749799.00
Georgia,Age 18 and over,2003,Number,6344083.00
Georgia,Age 18 and over,2004,Number,6460397.00
Georgia,Age 18 and over,2002,Number,6258472.00
Georgia,Age 18 and over,2001,Number,6161648.00
Georgia,Age 18 and over,1999,Number,5915267.00
Georgia,Age 18 and over,2000,Number,6050727.00
Georgia,Age 18 and over,1998,Number,5784538.00
Georgia,Age 18 and over,1997,Number,5650936.00
Georgia,Age 18 and over,1995,Number,5378595.00
Georgia,Age 18 and over,1996,Number,5507898.00
Georgia,Age 18 and over,1993,Number,5113219.00
Georgia,Age 18 and over,1991,Number,4879330.00
Georgia,Age 18 and over,1994,Number,5250626.00
Georgia,Age 18 and over,1992,Number,4999422.00
Georgia,Age 18 and over,1990,Number,4765239.00
Hawaii,Age 18 and over,1990,Number,833508.00
Hawaii,Age 18 and over,1992,Number,863489.00
Hawaii,Age 18 and over,1994,Number,880019.00
Hawaii,Age 18 and over,1991,Number,848883.00
Hawaii,Age 18 and over,1993,Number,871365.00
Hawaii,Age 18 and over,1996,Number,892542.00
Hawaii,Age 18 and over,1995,Number,886529.00
Hawaii,Age 18 and over,1997,Number,902175.00
Hawaii,Age 18 and over,1998,Number,910657.00
Hawaii,Age 18 and over,2000,Number,918167.00
Hawaii,Age 18 and over,1999,Number,910620.00
Hawaii,Age 18 and over,2001,Number,931815.00
Hawaii,Age 18 and over,2002,Number,946013.00
Hawaii,Age 18 and over,2004,Number,975466.00
Hawaii,Age 18 and over,2003,Number,956635.00
Hawaii,Age 18 and over,2006,Number,1010418.00
Hawaii,Age 18 and over,2005,Number,994232.00
Hawaii,Age 18 and over,2008,Number,1031119.00
Hawaii,Age 18 and over,2007,Number,1015468.00
Hawaii,Age 18 and over,2013,Number,1097985.00
Hawaii,Age 18 and over,2009,Number,1043921.00
Hawaii,Age 18 and over,2010,Number,1060076.00
Hawaii,Age 18 and over,2015,Number,1116013.00
Hawaii,Age 18 and over,2012,Number,1085076.00
Hawaii,Age 18 and over,2011,Number,1072236.00
Hawaii,Age 18 and over,2016,Number,1120541.00
Hawaii,Age 18 and over,2014,Number,1107731.00
Idaho,Age 18 and over,2014,Number,1202936.00
Idaho,Age 18 and over,2016,Number,1245967.00
Idaho,Age 18 and over,2011,Number,1155378.00
Idaho,Age 18 and over,2012,Number,1168201.00
Idaho,Age 18 and over,2010,Number,1141718.00
Idaho,Age 18 and over,2015,Number,1220088.00
Idaho,Age 18 and over,2013,Number,1183663.00
Idaho,Age 18 and over,2009,Number,1128363.00
Idaho,Age 18 and over,2007,Number,1090081.00
Idaho,Age 18 and over,2008,Number,1111973.00
Idaho,Age 18 and over,2005,Number,1033590.00
Idaho,Age 18 and over,2006,Number,1063916.00
Idaho,Age 18 and over,2003,Number,984139.00
Idaho,Age 18 and over,2004,Number,1007110.00
Idaho,Age 18 and over,2002,Number,964386.00
Idaho,Age 18 and over,2001,Number,946817.00
Idaho,Age 18 and over,1999,Number,908985.00
Idaho,Age 18 and over,2000,Number,929000.00
Idaho,Age 18 and over,1998,Number,890141.00
Idaho,Age 18 and over,1997,Number,870741.00
Idaho,Age 18 and over,1995,Number,828074.00
Idaho,Age 18 and over,1996,Number,849259.00
Idaho,Age 18 and over,1993,Number,774930.00
Idaho,Age 18 and over,1991,Number,724584.00
Idaho,Age 18 and over,1994,Number,800898.00
Idaho,Age 18 and over,1992,Number,746713.00
Idaho,Age 18 and over,1990,Number,699011.00
Illinois,Age 18 and over,1990,Number,8512479.00
Illinois,Age 18 and over,1992,Number,8660757.00
Illinois,Age 18 and over,1994,Number,8801647.00
Illinois,Age 18 and over,1991,Number,8580249.00
Illinois,Age 18 and over,1993,Number,8743038.00
Illinois,Age 18 and over,1996,Number,8909081.00
Illinois,Age 18 and over,1995,Number,8855453.00
Illinois,Age 18 and over,1997,Number,8963601.00
Illinois,Age 18 and over,1998,Number,9046595.00
Illinois,Age 18 and over,2000,Number,9189217.00
Illinois,Age 18 and over,1999,Number,9118986.00
Illinois,Age 18 and over,2001,Number,9244828.00
Illinois,Age 18 and over,2002,Number,9287194.00
Illinois,Age 18 and over,2004,Number,9378174.00
Illinois,Age 18 and over,2003,Number,9330459.00
Illinois,Age 18 and over,2006,Number,9462709.00
Illinois,Age 18 and over,2005,Number,9412585.00
Illinois,Age 18 and over,2008,Number,9593637.00
Illinois,Age 18 and over,2007,Number,9525732.00
Illinois,Age 18 and over,2013,Number,9857001.00
Illinois,Age 18 and over,2009,Number,9658372.00
Illinois,Age 18 and over,2010,Number,9718235.00
Illinois,Age 18 and over,2015,Number,9880542.00
Illinois,Age 18 and over,2011,Number,9768954.00
Illinois,Age 18 and over,2012,Number,9813049.00
Illinois,Age 18 and over,2016,Number,9875430.00
Illinois,Age 18 and over,2014,Number,9877543.00
Indiana,Age 18 and over,2014,Number,5013148.00
Indiana,Age 18 and over,2016,Number,5057601.00
Indiana,Age 18 and over,2012,Number,4948264.00
Indiana,Age 18 and over,2011,Number,4918037.00
Indiana,Age 18 and over,2015,Number,5033994.00
Indiana,Age 18 and over,2010,Number,4884425.00
Indiana,Age 18 and over,2013,Number,4983412.00
Indiana,Age 18 and over,2009,Number,4849621.00
Indiana,Age 18 and over,2007,Number,4770105.00
Indiana,Age 18 and over,2008,Number,4813312.00
Indiana,Age 18 and over,2005,Number,4684718.00
Indiana,Age 18 and over,2006,Number,4729562.00
Indiana,Age 18 and over,2003,Number,4614078.00
Indiana,Age 18 and over,2004,Number,4646726.00
Indiana,Age 18 and over,2002,Number,4575153.00
Indiana,Age 18 and over,2001,Number,4548233.00
Indiana,Age 18 and over,1999,Number,4478891.00
Indiana,Age 18 and over,2000,Number,4516877.00
Indiana,Age 18 and over,1998,Number,4446921.00
Indiana,Age 18 and over,1997,Number,4415997.00
Indiana,Age 18 and over,1995,Number,4343543.00
Indiana,Age 18 and over,1996,Number,4388052.00
Indiana,Age 18 and over,1993,Number,4266012.00
Indiana,Age 18 and over,1991,Number,4165629.00
Indiana,Age 18 and over,1994,Number,4301724.00
Indiana,Age 18 and over,1992,Number,4212897.00
Indiana,Age 18 and over,1990,Number,4120589.00
Iowa,Age 18 and over,1990,Number,2061652.00
Iowa,Age 18 and over,1992,Number,2093603.00
Iowa,Age 18 and over,1994,Number,2122349.00
Iowa,Age 18 and over,1991,Number,2073167.00
Iowa,Age 18 and over,1993,Number,2109221.00
Iowa,Age 18 and over,1996,Number,2150824.00
Iowa,Age 18 and over,1995,Number,2140412.00
Iowa,Age 18 and over,1997,Number,2161313.00
Iowa,Age 18 and over,1998,Number,2172929.00
Iowa,Age 18 and over,2000,Number,2195730.00
Iowa,Age 18 and over,1999,Number,2184963.00
Iowa,Age 18 and over,2001,Number,2203396.00
Iowa,Age 18 and over,2002,Number,2210549.00
Iowa,Age 18 and over,2004,Number,2234927.00
Iowa,Age 18 and over,2003,Number,2221897.00
Iowa,Age 18 and over,2006,Number,2260941.00
Iowa,Age 18 and over,2005,Number,2245966.00
Iowa,Age 18 and over,2008,Number,2291076.00
Iowa,Age 18 and over,2007,Number,2275580.00
Iowa,Age 18 and over,2013,Number,2366190.00
Iowa,Age 18 and over,2009,Number,2305901.00
Iowa,Age 18 and over,2010,Number,2322646.00
Iowa,Age 18 and over,2015,Number,2392789.00
Iowa,Age 18 and over,2011,Number,2339375.00
Iowa,Age 18 and over,2012,Number,2351723.00
Iowa,Age 18 and over,2016,Number,2403962.00
Iowa,Age 18 and over,2014,Number,2380178.00
Kansas,Age 18 and over,2014,Number,2177897.00
Kansas,Age 18 and over,2016,Number,2192338.00
Kansas,Age 18 and over,2012,Number,2158832.00
Kansas,Age 18 and over,2011,Number,2142801.00
Kansas,Age 18 and over,2015,Number,2187601.00
Kansas,Age 18 and over,2010,Number,2131280.00
Kansas,Age 18 and over,2009,Number,2110863.00
Kansas,Age 18 and over,2013,Number,2168807.00
Kansas,Age 18 and over,2007,Number,2072780.00
Kansas,Age 18 and over,2008,Number,2093387.00
Kansas,Age 18 and over,2005,Number,2040610.00
Kansas,Age 18 and over,2006,Number,2057654.00
Kansas,Age 18 and over,2003,Number,2015157.00
Kansas,Age 18 and over,2004,Number,2028917.00
Kansas,Age 18 and over,2002,Number,2004119.00
Kansas,Age 18 and over,2001,Number,1991239.00
Kansas,Age 18 and over,1999,Number,1965316.00
Kansas,Age 18 and over,2000,Number,1979794.00
Kansas,Age 18 and over,1998,Number,1950196.00
Kansas,Age 18 and over,1997,Number,1931291.00
Kansas,Age 18 and over,1995,Number,1906884.00
Kansas,Age 18 and over,1996,Number,1918256.00
Kansas,Age 18 and over,1993,Number,1869285.00
Kansas,Age 18 and over,1991,Number,1826689.00
Kansas,Age 18 and over,1994,Number,1886840.00
Kansas,Age 18 and over,1992,Number,1851524.00
Kansas,Age 18 and over,1990,Number,1818708.00
Kentucky,Age 18 and over,1990,Number,2748097.00
Kentucky,Age 18 and over,1992,Number,2801608.00
Kentucky,Age 18 and over,1994,Number,2867649.00
Kentucky,Age 18 and over,1991,Number,2770816.00
Kentucky,Age 18 and over,1993,Number,2841072.00
Kentucky,Age 18 and over,1996,Number,2932474.00
Kentucky,Age 18 and over,1995,Number,2902941.00
Kentucky,Age 18 and over,1997,Number,2950138.00
Kentucky,Age 18 and over,1998,Number,2988095.00
Kentucky,Age 18 and over,2000,Number,3054037.00
Kentucky,Age 18 and over,1999,Number,3021671.00
Kentucky,Age 18 and over,2001,Number,3074027.00
Kentucky,Age 18 and over,2002,Number,3094624.00
Kentucky,Age 18 and over,2004,Number,3147642.00
Kentucky,Age 18 and over,2003,Number,3118685.00
Kentucky,Age 18 and over,2006,Number,3207944.00
Kentucky,Age 18 and over,2005,Number,3178722.00
Kentucky,Age 18 and over,2008,Number,3267877.00
Kentucky,Age 18 and over,2007,Number,3240384.00
Kentucky,Age 18 and over,2013,Number,3384250.00
Kentucky,Age 18 and over,2009,Number,3295364.00
Kentucky,Age 18 and over,2010,Number,3325171.00
Kentucky,Age 18 and over,2015,Number,3412919.00
Kentucky,Age 18 and over,2011,Number,3347595.00
Kentucky,Age 18 and over,2012,Number,3366614.00
Kentucky,Age 18 and over,2014,Number,3398944.00
Kentucky,Age 18 and over,2016,Number,3426345.00
Louisiana,Age 18 and over,2016,Number,3567717.00
Louisiana,Age 18 and over,2014,Number,3532868.00
Louisiana,Age 18 and over,2012,Number,3488740.00
Louisiana,Age 18 and over,2011,Number,3459078.00
Louisiana,Age 18 and over,2015,Number,3553181.00
Louisiana,Age 18 and over,2010,Number,3427029.00
Louisiana,Age 18 and over,2009,Number,3377420.00
Louisiana,Age 18 and over,2013,Number,3512828.00
Louisiana,Age 18 and over,2007,Number,3278939.00
Louisiana,Age 18 and over,2008,Number,3326858.00
Louisiana,Age 18 and over,2005,Number,3398674.00
Louisiana,Age 18 and over,2006,Number,3223886.00
Louisiana,Age 18 and over,2003,Number,3332972.00
Louisiana,Age 18 and over,2004,Number,3369507.00
Louisiana,Age 18 and over,2002,Number,3302448.00
Louisiana,Age 18 and over,2001,Number,3273688.00
Louisiana,Age 18 and over,1999,Number,3233644.00
Louisiana,Age 18 and over,2000,Number,3254215.00
Louisiana,Age 18 and over,1998,Number,3207360.00
Louisiana,Age 18 and over,1997,Number,3181407.00
Louisiana,Age 18 and over,1995,Number,3128667.00
Louisiana,Age 18 and over,1996,Number,3154250.00
Louisiana,Age 18 and over,1993,Number,3077267.00
Louisiana,Age 18 and over,1991,Number,3030949.00
Louisiana,Age 18 and over,1994,Number,3099850.00
Louisiana,Age 18 and over,1992,Number,3055969.00
Louisiana,Age 18 and over,1990,Number,3015548.00
Maine,Age 18 and over,1990,Number,923653.00
Maine,Age 18 and over,1992,Number,927829.00
Maine,Age 18 and over,1994,Number,931092.00
Maine,Age 18 and over,1991,Number,927210.00
Maine,Age 18 and over,1993,Number,931336.00
Maine,Age 18 and over,1996,Number,941320.00
Maine,Age 18 and over,1995,Number,934308.00
Maine,Age 18 and over,1997,Number,949677.00
Maine,Age 18 and over,1998,Number,954631.00
Maine,Age 18 and over,2000,Number,975665.00
Maine,Age 18 and over,1999,Number,964487.00
Maine,Age 18 and over,2001,Number,985604.00
Maine,Age 18 and over,2002,Number,997365.00
Maine,Age 18 and over,2004,Number,1018897.00
Maine,Age 18 and over,2003,Number,1009727.00
Maine,Age 18 and over,2006,Number,1034674.00
Maine,Age 18 and over,2005,Number,1026748.00
Maine,Age 18 and over,2008,Number,1048305.00
Maine,Age 18 and over,2007,Number,1040855.00
Maine,Age 18 and over,2013,Number,1066936.00
Maine,Age 18 and over,2009,Number,1051644.00
Maine,Age 18 and over,2010,Number,1054344.00
Maine,Age 18 and over,2015,Number,1072788.00
Maine,Age 18 and over,2012,Number,1063511.00
Maine,Age 18 and over,2011,Number,1059055.00
Maine,Age 18 and over,2014,Number,1071303.00
Maine,Age 18 and over,2016,Number,1076765.00
Maryland,Age 18 and over,2016,Number,4667719.00
Maryland,Age 18 and over,2014,Number,4618058.00
Maryland,Age 18 and over,2011,Number,4493126.00
Maryland,Age 18 and over,2012,Number,4541614.00
Maryland,Age 18 and over,2015,Number,4646625.00
Maryland,Age 18 and over,2010,Number,4436101.00
Maryland,Age 18 and over,2009,Number,4376757.00
Maryland,Age 18 and over,2013,Number,4585295.00
Maryland,Age 18 and over,2007,Number,4283845.00
Maryland,Age 18 and over,2008,Number,4325751.00
Maryland,Age 18 and over,2005,Number,4209413.00
Maryland,Age 18 and over,2006,Number,4249611.00
Maryland,Age 18 and over,2003,Number,4116628.00
Maryland,Age 18 and over,2004,Number,4163485.00
Maryland,Age 18 and over,2002,Number,4065035.00
Maryland,Age 18 and over,2001,Number,4008139.00
Maryland,Age 18 and over,1999,Number,3905850.00
Maryland,Age 18 and over,2000,Number,3954073.00
Maryland,Age 18 and over,1998,Number,3865737.00
Maryland,Age 18 and over,1997,Number,3836022.00
Maryland,Age 18 and over,1995,Number,3769338.00
Maryland,Age 18 and over,1996,Number,3808170.00
Maryland,Age 18 and over,1993,Number,3710151.00
Maryland,Age 18 and over,1991,Number,3658743.00
Maryland,Age 18 and over,1994,Number,3742288.00
Maryland,Age 18 and over,1992,Number,3687871.00
Maryland,Age 18 and over,1990,Number,3619344.00
Massachusetts,Age 18 and over,1990,Number,4668833.00
Massachusetts,Age 18 and over,1992,Number,4638521.00
Massachusetts,Age 18 and over,1994,Number,4658172.00
Massachusetts,Age 18 and over,1991,Number,4643360.00
Massachusetts,Age 18 and over,1993,Number,4644845.00
Massachusetts,Age 18 and over,1996,Number,4711142.00
Massachusetts,Age 18 and over,1995,Number,4687956.00
Massachusetts,Age 18 and over,1997,Number,4747855.00
Massachusetts,Age 18 and over,1998,Number,4780186.00
Massachusetts,Age 18 and over,2000,Number,4859770.00
Massachusetts,Age 18 and over,1999,Number,4821527.00
Massachusetts,Age 18 and over,2001,Number,4892606.00
Massachusetts,Age 18 and over,2002,Number,4914554.00
Massachusetts,Age 18 and over,2004,Number,4932740.00
Massachusetts,Age 18 and over,2003,Number,4929193.00
Massachusetts,Age 18 and over,2006,Number,4959882.00
Massachusetts,Age 18 and over,2005,Number,4939150.00
Massachusetts,Age 18 and over,2008,Number,5039240.00
Massachusetts,Age 18 and over,2007,Number,4991802.00
Massachusetts,Age 18 and over,2013,Number,5310000.00
Massachusetts,Age 18 and over,2009,Number,5094678.00
Massachusetts,Age 18 and over,2010,Number,5148357.00
Massachusetts,Age 18 and over,2015,Number,5399389.00
Massachusetts,Age 18 and over,2012,Number,5255549.00
Massachusetts,Age 18 and over,2011,Number,5202127.00
Massachusetts,Age 18 and over,2014,Number,5359082.00
Massachusetts,Age 18 and over,2016,Number,5433677.00
Michigan,Age 18 and over,2016,Number,7737243.00
Michigan,Age 18 and over,2014,Number,7688740.00
Michigan,Age 18 and over,2011,Number,7575882.00
Michigan,Age 18 and over,2012,Number,7616898.00
Michigan,Age 18 and over,2015,Number,7711131.00
Michigan,Age 18 and over,2010,Number,7543570.00
Michigan,Age 18 and over,2009,Number,7528988.00
Michigan,Age 18 and over,2013,Number,7652733.00
Michigan,Age 18 and over,2007,Number,7531221.00
Michigan,Age 18 and over,2008,Number,7528010.00
Michigan,Age 18 and over,2005,Number,7519298.00
Michigan,Age 18 and over,2006,Number,7532533.00
Michigan,Age 18 and over,2003,Number,7472072.00
Michigan,Age 18 and over,2004,Number,7502001.00
Michigan,Age 18 and over,2002,Number,7431400.00
Michigan,Age 18 and over,2001,Number,7397810.00
Michigan,Age 18 and over,1999,Number,7305172.00
Michigan,Age 18 and over,2000,Number,7356336.00
Michigan,Age 18 and over,1998,Number,7261599.00
Michigan,Age 18 and over,1997,Number,7226781.00
Michigan,Age 18 and over,1995,Number,7119412.00
Michigan,Age 18 and over,1996,Number,7188900.00
Michigan,Age 18 and over,1993,Number,7017865.00
Michigan,Age 18 and over,1991,Number,6915489.00
Michigan,Age 18 and over,1994,Number,7062541.00
Michigan,Age 18 and over,1992,Number,6977300.00
Michigan,Age 18 and over,1990,Number,6851686.00
Minnesota,Age 18 and over,1990,Number,3213177.00
Minnesota,Age 18 and over,1992,Number,3282504.00
Minnesota,Age 18 and over,1994,Number,3371406.00
Minnesota,Age 18 and over,1991,Number,3249652.00
Minnesota,Age 18 and over,1993,Number,3329233.00
Minnesota,Age 18 and over,1996,Number,3460105.00
Minnesota,Age 18 and over,1995,Number,3414248.00
Minnesota,Age 18 and over,1997,Number,3499140.00
Minnesota,Age 18 and over,1998,Number,3537472.00
Minnesota,Age 18 and over,2000,Number,3643977.00
Minnesota,Age 18 and over,1999,Number,3590379.00
Minnesota,Age 18 and over,2001,Number,3691535.00
Minnesota,Age 18 and over,2002,Number,3730140.00
Minnesota,Age 18 and over,2004,Number,3805767.00
Minnesota,Age 18 and over,2003,Number,3769885.00
Minnesota,Age 18 and over,2006,Number,3881174.00
Minnesota,Age 18 and over,2005,Number,3839041.00
Minnesota,Age 18 and over,2008,Number,3962839.00
Minnesota,Age 18 and over,2007,Number,3922129.00
Minnesota,Age 18 and over,2013,Number,4139473.00
Minnesota,Age 18 and over,2009,Number,3997100.00
Minnesota,Age 18 and over,2010,Number,4027906.00
Minnesota,Age 18 and over,2015,Number,4198920.00
Minnesota,Age 18 and over,2012,Number,4102577.00
Minnesota,Age 18 and over,2011,Number,4067738.00
Minnesota,Age 18 and over,2014,Number,4171033.00
Minnesota,Age 18 and over,2016,Number,4231619.00
Mississippi,Age 18 and over,2016,Number,2267438.00
Mississippi,Age 18 and over,2014,Number,2260741.00
Mississippi,Age 18 and over,2011,Number,2230593.00
Mississippi,Age 18 and over,2012,Number,2242881.00
Mississippi,Age 18 and over,2015,Number,2262808.00
Mississippi,Age 18 and over,2010,Number,2216768.00
Mississippi,Age 18 and over,2009,Number,2200235.00
Mississippi,Age 18 and over,2013,Number,2254391.00
Mississippi,Age 18 and over,2007,Number,2167179.00
Mississippi,Age 18 and over,2008,Number,2187234.00
Mississippi,Age 18 and over,2005,Number,2145073.00
Mississippi,Age 18 and over,2006,Number,2147988.00
Mississippi,Age 18 and over,2003,Number,2108865.00
Mississippi,Age 18 and over,2004,Number,2128600.00
Mississippi,Age 18 and over,2002,Number,2095533.00
Mississippi,Age 18 and over,2001,Number,2084576.00
Mississippi,Age 18 and over,2000,Number,2074000.00
Mississippi,Age 18 and over,1999,Number,2052746.00
Mississippi,Age 18 and over,1998,Number,2031113.00
Mississippi,Age 18 and over,1997,Number,2002172.00
Mississippi,Age 18 and over,1995,Number,1954767.00
Mississippi,Age 18 and over,1996,Number,1978405.00
Mississippi,Age 18 and over,1993,Number,1899280.00
Mississippi,Age 18 and over,1991,Number,1859822.00
Mississippi,Age 18 and over,1994,Number,1925197.00
Mississippi,Age 18 and over,1992,Number,1873510.00
Mississippi,Age 18 and over,1990,Number,1845237.00
Missouri,Age 18 and over,1990,Number,3812457.00
Missouri,Age 18 and over,1992,Number,3867372.00
Missouri,Age 18 and over,1994,Number,3945797.00
Missouri,Age 18 and over,1991,Number,3838494.00
Missouri,Age 18 and over,1993,Number,3905272.00
Missouri,Age 18 and over,1996,Number,4022821.00
Missouri,Age 18 and over,1995,Number,3984693.00
Missouri,Age 18 and over,1997,Number,4061356.00
Missouri,Age 18 and over,1998,Number,4092766.00
Missouri,Age 18 and over,1999,Number,4133901.00
Missouri,Age 18 and over,2000,Number,4178902.00
Missouri,Age 18 and over,2001,Number,4214567.00
Missouri,Age 18 and over,2002,Number,4250312.00
Missouri,Age 18 and over,2004,Number,4326785.00
Missouri,Age 18 and over,2003,Number,4287476.00
Missouri,Age 18 and over,2006,Number,4414380.00
Missouri,Age 18 and over,2005,Number,4367322.00
Missouri,Age 18 and over,2008,Number,4494971.00
Missouri,Age 18 and over,2007,Number,4456266.00
Missouri,Age 18 and over,2009,Number,4534485.00
Missouri,Age 18 and over,2013,Number,4644395.00
Missouri,Age 18 and over,2010,Number,4572176.00
Missouri,Age 18 and over,2015,Number,4685871.00
Missouri,Age 18 and over,2012,Number,4620296.00
Missouri,Age 18 and over,2011,Number,4596071.00
Missouri,Age 18 and over,2014,Number,4666652.00
Missouri,Age 18 and over,2016,Number,4706137.00
Montana,Age 18 and over,2016,Number,814909.00
Montana,Age 18 and over,2014,Number,797715.00
Montana,Age 18 and over,2011,Number,774722.00
Montana,Age 18 and over,2012,Number,782304.00
Montana,Age 18 and over,2015,Number,805803.00
Montana,Age 18 and over,2010,Number,767296.00
Montana,Age 18 and over,2013,Number,790321.00
Montana,Age 18 and over,2009,Number,760307.00
Montana,Age 18 and over,2007,Number,741571.00
Montana,Age 18 and over,2008,Number,752601.00
Montana,Age 18 and over,2005,Number,718417.00
Montana,Age 18 and over,2006,Number,730762.00
Montana,Age 18 and over,2003,Number,696618.00
Montana,Age 18 and over,2004,Number,708010.00
Montana,Age 18 and over,2002,Number,686895.00
Montana,Age 18 and over,2001,Number,679843.00
Montana,Age 18 and over,2000,Number,673706.00
Montana,Age 18 and over,1999,Number,666375.00
Montana,Age 18 and over,1998,Number,660685.00
Montana,Age 18 and over,1997,Number,657052.00
Montana,Age 18 and over,1995,Number,639970.00
Montana,Age 18 and over,1996,Number,650960.00
Montana,Age 18 and over,1993,Number,609774.00
Montana,Age 18 and over,1991,Number,584421.00
Montana,Age 18 and over,1994,Number,624017.00
Montana,Age 18 and over,1992,Number,594902.00
Montana,Age 18 and over,1990,Number,576527.00
Nebraska,Age 18 and over,1990,Number,1151592.00
Nebraska,Age 18 and over,1992,Number,1175309.00
Nebraska,Age 18 and over,1994,Number,1196452.00
Nebraska,Age 18 and over,1991,Number,1161394.00
Nebraska,Age 18 and over,1993,Number,1186277.00
Nebraska,Age 18 and over,1996,Number,1226899.00
Nebraska,Age 18 and over,1995,Number,1212575.00
Nebraska,Age 18 and over,1997,Number,1236342.00
Nebraska,Age 18 and over,1998,Number,1244625.00
Nebraska,Age 18 and over,1999,Number,1253717.00
Nebraska,Age 18 and over,2000,Number,1263440.00
Nebraska,Age 18 and over,2001,Number,1271529.00
Nebraska,Age 18 and over,2002,Number,1280578.00
Nebraska,Age 18 and over,2004,Number,1301010.00
Nebraska,Age 18 and over,2003,Number,1291199.00
Nebraska,Age 18 and over,2006,Number,1322595.00
Nebraska,Age 18 and over,2005,Number,1312579.00
Nebraska,Age 18 and over,2008,Number,1342591.00
Nebraska,Age 18 and over,2007,Number,1331494.00
Nebraska,Age 18 and over,2013,Number,1403501.00
Nebraska,Age 18 and over,2009,Number,1356140.00
Nebraska,Age 18 and over,2010,Number,1370262.00
Nebraska,Age 18 and over,2015,Number,1422984.00
Nebraska,Age 18 and over,2012,Number,1392757.00
Nebraska,Age 18 and over,2011,Number,1381183.00
Nebraska,Age 18 and over,2014,Number,1413489.00
Nebraska,Age 18 and over,2016,Number,1433791.00
Nevada,Age 18 and over,2016,Number,2262631.00
Nevada,Age 18 and over,2014,Number,2171077.00
Nevada,Age 18 and over,2011,Number,2059464.00
Nevada,Age 18 and over,2012,Number,2095596.00
Nevada,Age 18 and over,2015,Number,2214653.00
Nevada,Age 18 and over,2010,Number,2039856.00
Nevada,Age 18 and over,2009,Number,2018624.00
Nevada,Age 18 and over,2013,Number,2128633.00
Nevada,Age 18 and over,2007,Number,1947019.00
Nevada,Age 18 and over,2008,Number,1991009.00
Nevada,Age 18 and over,2005,Number,1820548.00
Nevada,Age 18 and over,2006,Number,1888255.00
Nevada,Age 18 and over,2004,Number,1754908.00
Nevada,Age 18 and over,2003,Number,1679887.00
Nevada,Age 18 and over,2002,Number,1620975.00
Nevada,Age 18 and over,2001,Number,1563691.00
Nevada,Age 18 and over,2000,Number,1502723.00
Nevada,Age 18 and over,1999,Number,1441017.00
Nevada,Age 18 and over,1998,Number,1383768.00
Nevada,Age 18 and over,1997,Number,1320478.00
Nevada,Age 18 and over,1995,Number,1185355.00
Nevada,Age 18 and over,1996,Number,1247187.00
Nevada,Age 18 and over,1993,Number,1056225.00
Nevada,Age 18 and over,1991,Number,971139.00
Nevada,Age 18 and over,1994,Number,1122553.00
Nevada,Age 18 and over,1992,Number,1013971.00
Nevada,Age 18 and over,1990,Number,904289.00
New Hampshire,Age 18 and over,1990,Number,834930.00
New Hampshire,Age 18 and over,1992,Number,831471.00
New Hampshire,Age 18 and over,1994,Number,846998.00
New Hampshire,Age 18 and over,1991,Number,828802.00
New Hampshire,Age 18 and over,1993,Number,839049.00
New Hampshire,Age 18 and over,1996,Number,874558.00
New Hampshire,Age 18 and over,1995,Number,859315.00
New Hampshire,Age 18 and over,1997,Number,886591.00
New Hampshire,Age 18 and over,1998,Number,898649.00
New Hampshire,Age 18 and over,1999,Number,913592.00
New Hampshire,Age 18 and over,2000,Number,929530.00
New Hampshire,Age 18 and over,2001,Number,943640.00
New Hampshire,Age 18 and over,2002,Number,956346.00
New Hampshire,Age 18 and over,2003,Number,968428.00
New Hampshire,Age 18 and over,2004,Number,980878.00
New Hampshire,Age 18 and over,2006,Number,1003220.00
New Hampshire,Age 18 and over,2005,Number,991089.00
New Hampshire,Age 18 and over,2008,Number,1019877.00
New Hampshire,Age 18 and over,2007,Number,1011622.00
New Hampshire,Age 18 and over,2013,Number,1051790.00
New Hampshire,Age 18 and over,2009,Number,1025252.00
New Hampshire,Age 18 and over,2010,Number,1030996.00
New Hampshire,Age 18 and over,2015,Number,1066650.00
New Hampshire,Age 18 and over,2012,Number,1045632.00
New Hampshire,Age 18 and over,2011,Number,1037679.00
New Hampshire,Age 18 and over,2014,Number,1061871.00
New Hampshire,Age 18 and over,2016,Number,1074207.00
New Jersey,Age 18 and over,2016,Number,6959717.00
New Jersey,Age 18 and over,2014,Number,6913462.00
New Jersey,Age 18 and over,2011,Number,6790728.00
New Jersey,Age 18 and over,2012,Number,6838046.00
New Jersey,Age 18 and over,2015,Number,6938073.00
New Jersey,Age 18 and over,2010,Number,6741238.00
New Jersey,Age 18 and over,2009,Number,6686918.00
New Jersey,Age 18 and over,2013,Number,6878049.00
New Jersey,Age 18 and over,2007,Number,6586862.00
New Jersey,Age 18 and over,2008,Number,6634724.00
New Jersey,Age 18 and over,2006,Number,6555276.00
New Jersey,Age 18 and over,2005,Number,6530096.00
New Jersey,Age 18 and over,2004,Number,6505510.00
New Jersey,Age 18 and over,2003,Number,6475388.00
New Jersey,Age 18 and over,2002,Number,6436052.00
New Jersey,Age 18 and over,2001,Number,6389833.00
New Jersey,Age 18 and over,2000,Number,6341736.00
New Jersey,Age 18 and over,1999,Number,6292914.00
New Jersey,Age 18 and over,1998,Number,6245338.00
New Jersey,Age 18 and over,1997,Number,6190459.00
New Jersey,Age 18 and over,1995,Number,6086055.00
New Jersey,Age 18 and over,1996,Number,6133094.00
New Jersey,Age 18 and over,1993,Number,6020292.00
New Jersey,Age 18 and over,1991,Number,5965071.00
New Jersey,Age 18 and over,1994,Number,6046074.00
New Jersey,Age 18 and over,1992,Number,5990400.00
New Jersey,Age 18 and over,1990,Number,5944776.00
New Mexico,Age 18 and over,1990,Number,1068036.00
New Mexico,Age 18 and over,1992,Number,1122266.00
New Mexico,Age 18 and over,1994,Number,1184856.00
New Mexico,Age 18 and over,1993,Number,1148711.00
New Mexico,Age 18 and over,1991,Number,1093494.00
New Mexico,Age 18 and over,1996,Number,1244226.00
New Mexico,Age 18 and over,1995,Number,1215836.00
New Mexico,Age 18 and over,1997,Number,1260339.00
New Mexico,Age 18 and over,1998,Number,1280683.00
New Mexico,Age 18 and over,1999,Number,1296947.00
New Mexico,Age 18 and over,2000,Number,1313072.00
New Mexico,Age 18 and over,2001,Number,1328286.00
New Mexico,Age 18 and over,2002,Number,1352530.00
New Mexico,Age 18 and over,2003,Number,1376797.00
New Mexico,Age 18 and over,2004,Number,1402624.00
New Mexico,Age 18 and over,2005,Number,1429662.00
New Mexico,Age 18 and over,2006,Number,1457012.00
New Mexico,Age 18 and over,2008,Number,1499448.00
New Mexico,Age 18 and over,2007,Number,1481345.00
New Mexico,Age 18 and over,2013,Number,1578157.00
New Mexico,Age 18 and over,2009,Number,1521332.00
New Mexico,Age 18 and over,2010,Number,1546262.00
New Mexico,Age 18 and over,2015,Number,1584221.00
New Mexico,Age 18 and over,2012,Number,1571714.00
New Mexico,Age 18 and over,2011,Number,1561366.00
New Mexico,Age 18 and over,2014,Number,1581542.00
New Mexico,Age 18 and over,2016,Number,1590352.00
New York,Age 18 and over,2016,Number,15564730.00
New York,Age 18 and over,2014,Number,15493467.00
New York,Age 18 and over,2011,Number,15218636.00
New York,Age 18 and over,2012,Number,15329824.00
New York,Age 18 and over,2015,Number,15541056.00
New York,Age 18 and over,2010,Number,15081985.00
New York,Age 18 and over,2009,Number,14964140.00
New York,Age 18 and over,2013,Number,15424174.00
New York,Age 18 and over,2007,Number,14721386.00
New York,Age 18 and over,2008,Number,14840266.00
New York,Age 18 and over,2005,Number,14618154.00
New York,Age 18 and over,2006,Number,14646854.00
New York,Age 18 and over,2003,Number,14556433.00
New York,Age 18 and over,2004,Number,14597502.00
New York,Age 18 and over,2002,Number,14485568.00
New York,Age 18 and over,2001,Number,14410413.00
New York,Age 18 and over,2000,Number,14314406.00
New York,Age 18 and over,1999,Number,14210138.00
New York,Age 18 and over,1998,Number,14103766.00
New York,Age 18 and over,1997,Number,13985759.00
New York,Age 18 and over,1995,Number,13875685.00
New York,Age 18 and over,1996,Number,13920813.00
New York,Age 18 and over,1991,Number,13749783.00
New York,Age 18 and over,1993,Number,13836783.00
New York,Age 18 and over,1994,Number,13854186.00
New York,Age 18 and over,1992,Number,13781114.00
New York,Age 18 and over,1990,Number,13739141.00
North Carolina,Age 18 and over,1990,Number,5038212.00
North Carolina,Age 18 and over,1992,Number,5223070.00
North Carolina,Age 18 and over,1994,Number,5436644.00
North Carolina,Age 18 and over,1993,Number,5332551.00
North Carolina,Age 18 and over,1991,Number,5143886.00
North Carolina,Age 18 and over,1996,Number,5679164.00
North Carolina,Age 18 and over,1995,Number,5559524.00
North Carolina,Age 18 and over,1997,Number,5795204.00
North Carolina,Age 18 and over,1998,Number,5914369.00
North Carolina,Age 18 and over,1999,Number,6017221.00
North Carolina,Age 18 and over,2000,Number,6113988.00
North Carolina,Age 18 and over,2001,Number,6206340.00
North Carolina,Age 18 and over,2002,Number,6291750.00
North Carolina,Age 18 and over,2003,Number,6361663.00
North Carolina,Age 18 and over,2004,Number,6467987.00
North Carolina,Age 18 and over,2006,Number,6750877.00
North Carolina,Age 18 and over,2005,Number,6582922.00
North Carolina,Age 18 and over,2008,Number,7057348.00
North Carolina,Age 18 and over,2007,Number,6898869.00
North Carolina,Age 18 and over,2013,Number,7558568.00
North Carolina,Age 18 and over,2009,Number,7176611.00
North Carolina,Age 18 and over,2010,Number,7277409.00
North Carolina,Age 18 and over,2015,Number,7743908.00
North Carolina,Age 18 and over,2012,Number,7463944.00
North Carolina,Age 18 and over,2011,Number,7367443.00
North Carolina,Age 18 and over,2014,Number,7647687.00
North Carolina,Age 18 and over,2016,Number,7848068.00
North Dakota,Age 18 and over,2016,Number,581641.00
North Dakota,Age 18 and over,2014,Number,571089.00
North Dakota,Age 18 and over,2011,Number,532824.00
North Dakota,Age 18 and over,2012,Number,544811.00
North Dakota,Age 18 and over,2015,Number,582424.00
North Dakota,Age 18 and over,2010,Number,524169.00
North Dakota,Age 18 and over,2009,Number,516294.00
North Dakota,Age 18 and over,2013,Number,560590.00
North Dakota,Age 18 and over,2007,Number,505559.00
North Dakota,Age 18 and over,2008,Number,510107.00
North Dakota,Age 18 and over,2005,Number,497970.00
North Dakota,Age 18 and over,2006,Number,502091.00
North Dakota,Age 18 and over,2004,Number,495577.00
North Dakota,Age 18 and over,2003,Number,488411.00
North Dakota,Age 18 and over,2002,Number,485071.00
North Dakota,Age 18 and over,2001,Number,482949.00
North Dakota,Age 18 and over,2000,Number,481546.00
North Dakota,Age 18 and over,1999,Number,481203.00
North Dakota,Age 18 and over,1998,Number,482084.00
North Dakota,Age 18 and over,1997,Number,482241.00
North Dakota,Age 18 and over,1995,Number,476686.00
North Dakota,Age 18 and over,1996,Number,481125.00
North Dakota,Age 18 and over,1991,Number,464023.00
North Dakota,Age 18 and over,1993,Number,469048.00
North Dakota,Age 18 and over,1994,Number,472646.00
North Dakota,Age 18 and over,1992,Number,466171.00
North Dakota,Age 18 and over,1990,Number,466765.00
Ohio,Age 18 and over,1990,Number,8085671.00
Ohio,Age 18 and over,1992,Number,8190075.00
Ohio,Age 18 and over,1994,Number,8277058.00
Ohio,Age 18 and over,1993,Number,8245355.00
Ohio,Age 18 and over,1991,Number,8138803.00
Ohio,Age 18 and over,1996,Number,8359384.00
Ohio,Age 18 and over,1995,Number,8322821.00
Ohio,Age 18 and over,1997,Number,8379982.00
Ohio,Age 18 and over,1998,Number,8415281.00
Ohio,Age 18 and over,1999,Number,8442184.00
Ohio,Age 18 and over,2000,Number,8476958.00
Ohio,Age 18 and over,2001,Number,8509281.00
Ohio,Age 18 and over,2002,Number,8542215.00
Ohio,Age 18 and over,2003,Number,8585215.00
Ohio,Age 18 and over,2004,Number,8616183.00
Ohio,Age 18 and over,2006,Number,8676385.00
Ohio,Age 18 and over,2005,Number,8643526.00
Ohio,Age 18 and over,2008,Number,8746423.00
Ohio,Age 18 and over,2007,Number,8710121.00
Ohio,Age 18 and over,2013,Number,8917337.00
Ohio,Age 18 and over,2009,Number,8780845.00
Ohio,Age 18 and over,2010,Number,8817788.00
Ohio,Age 18 and over,2015,Number,8977792.00
Ohio,Age 18 and over,2012,Number,8881845.00
Ohio,Age 18 and over,2011,Number,8850160.00
Ohio,Age 18 and over,2014,Number,8953421.00
Ohio,Age 18 and over,2016,Number,9002201.00
Oklahoma,Age 18 and over,2016,Number,2961933.00
Oklahoma,Age 18 and over,2014,Number,2923776.00
Oklahoma,Age 18 and over,2011,Number,2850633.00
Oklahoma,Age 18 and over,2012,Number,2877143.00
Oklahoma,Age 18 and over,2015,Number,2947103.00
Oklahoma,Age 18 and over,2010,Number,2828026.00
Oklahoma,Age 18 and over,2009,Number,2794861.00
Oklahoma,Age 18 and over,2013,Number,2904222.00
Oklahoma,Age 18 and over,2007,Number,2730021.00
Oklahoma,Age 18 and over,2008,Number,2758359.00
Oklahoma,Age 18 and over,2005,Number,2663281.00
Oklahoma,Age 18 and over,2006,Number,2699329.00
Oklahoma,Age 18 and over,2004,Number,2643627.00
Oklahoma,Age 18 and over,2003,Number,2620933.00
Oklahoma,Age 18 and over,2002,Number,2604119.00
Oklahoma,Age 18 and over,2001,Number,2581882.00
Oklahoma,Age 18 and over,2000,Number,2562518.00
Oklahoma,Age 18 and over,1999,Number,2541470.00
Oklahoma,Age 18 and over,1998,Number,2506693.00
Oklahoma,Age 18 and over,1997,Number,2479083.00
Oklahoma,Age 18 and over,1995,Number,2424541.00
Oklahoma,Age 18 and over,1996,Number,2453036.00
Oklahoma,Age 18 and over,1991,Number,2325801.00
Oklahoma,Age 18 and over,1993,Number,2382148.00
Oklahoma,Age 18 and over,1994,Number,2403137.00
Oklahoma,Age 18 and over,1992,Number,2357969.00
Oklahoma,Age 18 and over,1990,Number,2307110.00
Oregon,Age 18 and over,1990,Number,2117939.00
Oregon,Age 18 and over,1992,Number,2221564.00
Oregon,Age 18 and over,1994,Number,2327829.00
Oregon,Age 18 and over,1993,Number,2281394.00
Oregon,Age 18 and over,1991,Number,2176065.00
Oregon,Age 18 and over,1996,Number,2431009.00
Oregon,Age 18 and over,1995,Number,2377857.00
Oregon,Age 18 and over,1997,Number,2474308.00
Oregon,Age 18 and over,1998,Number,2514521.00
Oregon,Age 18 and over,1999,Number,2550457.00
Oregon,Age 18 and over,2000,Number,2582197.00
Oregon,Age 18 and over,2001,Number,2619274.00
Oregon,Age 18 and over,2002,Number,2662691.00
Oregon,Age 18 and over,2003,Number,2697125.00
Oregon,Age 18 and over,2004,Number,2722677.00
Oregon,Age 18 and over,2006,Number,2813880.00
Oregon,Age 18 and over,2005,Number,2763879.00
Oregon,Age 18 and over,2008,Number,2903084.00
Oregon,Age 18 and over,2007,Number,2860256.00
Oregon,Age 18 and over,2013,Number,3068497.00
Oregon,Age 18 and over,2009,Number,2942406.00
Oregon,Age 18 and over,2010,Number,2972099.00
Oregon,Age 18 and over,2015,Number,3162048.00
Oregon,Age 18 and over,2012,Number,3039031.00
Oregon,Age 18 and over,2011,Number,3004825.00
Oregon,Age 18 and over,2014,Number,3109379.00
Oregon,Age 18 and over,2016,Number,3224738.00
Pennsylvania,Age 18 and over,2016,Number,10109422.00
Pennsylvania,Age 18 and over,2014,Number,10087415.00
Pennsylvania,Age 18 and over,2011,Number,9980881.00
Pennsylvania,Age 18 and over,2012,Number,10031418.00
Pennsylvania,Age 18 and over,2015,Number,10102192.00
Pennsylvania,Age 18 and over,2010,Number,9925881.00
Pennsylvania,Age 18 and over,2009,Number,9861929.00
Pennsylvania,Age 18 and over,2013,Number,10063392.00
Pennsylvania,Age 18 and over,2007,Number,9724363.00
Pennsylvania,Age 18 and over,2008,Number,9791281.00
Pennsylvania,Age 18 and over,2005,Number,9590197.00
Pennsylvania,Age 18 and over,2006,Number,9660031.00
Pennsylvania,Age 18 and over,2004,Number,9537597.00
Pennsylvania,Age 18 and over,2003,Number,9491388.00
Pennsylvania,Age 18 and over,2002,Number,9436096.00
Pennsylvania,Age 18 and over,2001,Number,9393134.00
Pennsylvania,Age 18 and over,2000,Number,9365323.00
Pennsylvania,Age 18 and over,1999,Number,9333612.00
Pennsylvania,Age 18 and over,1998,Number,9305387.00
Pennsylvania,Age 18 and over,1997,Number,9285574.00
Pennsylvania,Age 18 and over,1995,Number,9256872.00
Pennsylvania,Age 18 and over,1996,Number,9283053.00
Pennsylvania,Age 18 and over,1991,Number,9152105.00
Pennsylvania,Age 18 and over,1993,Number,9212373.00
Pennsylvania,Age 18 and over,1994,Number,9233199.00
Pennsylvania,Age 18 and over,1992,Number,9176437.00
Pennsylvania,Age 18 and over,1990,Number,9104131.00
Rhode Island,Age 18 and over,1990,Number,780072.00
Rhode Island,Age 18 and over,1992,Number,779951.00
Rhode Island,Age 18 and over,1994,Number,776860.00
Rhode Island,Age 18 and over,1993,Number,777895.00
Rhode Island,Age 18 and over,1991,Number,781201.00
Rhode Island,Age 18 and over,1996,Number,780324.00
Rhode Island,Age 18 and over,1995,Number,776449.00
Rhode Island,Age 18 and over,1997,Number,783274.00
Rhode Island,Age 18 and over,1998,Number,789395.00
Rhode Island,Age 18 and over,1999,Number,793388.00
Rhode Island,Age 18 and over,2000,Number,802203.00
Rhode Island,Age 18 and over,2001,Number,808846.00
Rhode Island,Age 18 and over,2002,Number,817305.00
Rhode Island,Age 18 and over,2003,Number,823267.00
Rhode Island,Age 18 and over,2004,Number,828351.00
Rhode Island,Age 18 and over,2006,Number,825748.00
Rhode Island,Age 18 and over,2005,Number,825984.00
Rhode Island,Age 18 and over,2008,Number,825205.00
Rhode Island,Age 18 and over,2007,Number,823660.00
Rhode Island,Age 18 and over,2013,Number,838762.00
Rhode Island,Age 18 and over,2009,Number,827744.00
Rhode Island,Age 18 and over,2010,Number,830070.00
Rhode Island,Age 18 and over,2015,Number,845375.00
Rhode Island,Age 18 and over,2012,Number,835897.00
Rhode Island,Age 18 and over,2011,Number,832356.00
Rhode Island,Age 18 and over,2014,Number,842279.00
Rhode Island,Age 18 and over,2016,Number,848045.00
South Carolina,Age 18 and over,2016,Number,3863498.00
South Carolina,Age 18 and over,2014,Number,3744832.00
South Carolina,Age 18 and over,2012,Number,3643807.00
South Carolina,Age 18 and over,2011,Number,3596149.00
South Carolina,Age 18 and over,2015,Number,3803416.00
South Carolina,Age 18 and over,2010,Number,3556343.00
South Carolina,Age 18 and over,2009,Number,3510143.00
South Carolina,Age 18 and over,2013,Number,3689807.00
South Carolina,Age 18 and over,2007,Number,3379920.00
South Carolina,Age 18 and over,2008,Number,3454880.00
South Carolina,Age 18 and over,2005,Number,3233209.00
South Carolina,Age 18 and over,2006,Number,3307805.00
South Carolina,Age 18 and over,2004,Number,3181810.00
South Carolina,Age 18 and over,2003,Number,3126512.00
South Carolina,Age 18 and over,2002,Number,3087264.00
South Carolina,Age 18 and over,2001,Number,3048861.00
South Carolina,Age 18 and over,2000,Number,3013582.00
South Carolina,Age 18 and over,1999,Number,2967632.00
South Carolina,Age 18 and over,1998,Number,2912864.00
South Carolina,Age 18 and over,1997,Number,2858015.00
South Carolina,Age 18 and over,1995,Number,2772698.00
South Carolina,Age 18 and over,1996,Number,2808624.00
South Carolina,Age 18 and over,1991,Number,2634282.00
South Carolina,Age 18 and over,1993,Number,2706363.00
South Carolina,Age 18 and over,1994,Number,2735631.00
South Carolina,Age 18 and over,1992,Number,2672596.00
South Carolina,Age 18 and over,1990,Number,2580114.00
South Dakota,Age 18 and over,1990,Number,497648.00
South Dakota,Age 18 and over,1992,Number,506169.00
South Dakota,Age 18 and over,1994,Number,522347.00
South Dakota,Age 18 and over,1993,Number,514185.00
South Dakota,Age 18 and over,1991,Number,501920.00
South Dakota,Age 18 and over,1996,Number,536434.00
South Dakota,Age 18 and over,1995,Number,530036.00
South Dakota,Age 18 and over,1997,Number,538245.00
South Dakota,Age 18 and over,1998,Number,541273.00
South Dakota,Age 18 and over,1999,Number,546676.00
South Dakota,Age 18 and over,2000,Number,553163.00
South Dakota,Age 18 and over,2001,Number,557177.00
South Dakota,Age 18 and over,2002,Number,561326.00
South Dakota,Age 18 and over,2003,Number,566403.00
South Dakota,Age 18 and over,2004,Number,573592.00
South Dakota,Age 18 and over,2006,Number,585701.00
South Dakota,Age 18 and over,2005,Number,579017.00
South Dakota,Age 18 and over,2008,Number,599276.00
South Dakota,Age 18 and over,2007,Number,592776.00
South Dakota,Age 18 and over,2013,Number,636753.00
South Dakota,Age 18 and over,2009,Number,605863.00
South Dakota,Age 18 and over,2010,Number,613091.00
South Dakota,Age 18 and over,2015,Number,646457.00
South Dakota,Age 18 and over,2011,Number,620208.00
South Dakota,Age 18 and over,2012,Number,628970.00
South Dakota,Age 18 and over,2014,Number,642483.00
South Dakota,Age 18 and over,2016,Number,652167.00
Tennessee,Age 18 and over,2016,Number,5149399.00
Tennessee,Age 18 and over,2014,Number,5050259.00
Tennessee,Age 18 and over,2012,Number,4962611.00
Tennessee,Age 18 and over,2011,Number,4906353.00
Tennessee,Age 18 and over,2015,Number,5097248.00
Tennessee,Age 18 and over,2010,Number,4861706.00
Tennessee,Age 18 and over,2009,Number,4811332.00
Tennessee,Age 18 and over,2013,Number,5003318.00
Tennessee,Age 18 and over,2007,Number,4692980.00
Tennessee,Age 18 and over,2008,Number,4753057.00
Tennessee,Age 18 and over,2005,Number,4541731.00
Tennessee,Age 18 and over,2006,Number,4618600.00
Tennessee,Age 18 and over,2004,Number,4477466.00
Tennessee,Age 18 and over,2003,Number,4422951.00
Tennessee,Age 18 and over,2002,Number,4381061.00
Tennessee,Age 18 and over,2001,Number,4343211.00
Tennessee,Age 18 and over,2000,Number,4304034.00
Tennessee,Age 18 and over,1999,Number,4252709.00
Tennessee,Age 18 and over,1998,Number,4200058.00
Tennessee,Age 18 and over,1997,Number,4140203.00
Tennessee,Age 18 and over,1995,Number,3995320.00
Tennessee,Age 18 and over,1996,Number,4070920.00
Tennessee,Age 18 and over,1991,Number,3733327.00
Tennessee,Age 18 and over,1993,Number,3852540.00
Tennessee,Age 18 and over,1994,Number,3920450.00
Tennessee,Age 18 and over,1992,Number,3790284.00
Tennessee,Age 18 and over,1990,Number,3674292.00
Texas,Age 18 and over,1990,Number,12150535.00
Texas,Age 18 and over,1992,Number,12649933.00
Texas,Age 18 and over,1991,Number,12397212.00
Texas,Age 18 and over,1994,Number,13232538.00
Texas,Age 18 and over,1993,Number,12943713.00
Texas,Age 18 and over,1996,Number,13788895.00
Texas,Age 18 and over,1995,Number,13536967.00
Texas,Age 18 and over,1997,Number,14084835.00
Texas,Age 18 and over,1998,Number,14398477.00
Texas,Age 18 and over,1999,Number,14718009.00
Texas,Age 18 and over,2000,Number,15038198.00
Texas,Age 18 and over,2001,Number,15339435.00
Texas,Age 18 and over,2002,Number,15629953.00
Texas,Age 18 and over,2003,Number,15897951.00
Texas,Age 18 and over,2004,Number,16185764.00
Texas,Age 18 and over,2006,Number,16912782.00
Texas,Age 18 and over,2005,Number,16487153.00
Texas,Age 18 and over,2008,Number,17633122.00
Texas,Age 18 and over,2007,Number,17266111.00
Texas,Age 18 and over,2013,Number,19428403.00
Texas,Age 18 and over,2009,Number,18008854.00
Texas,Age 18 and over,2010,Number,18367042.00
Texas,Age 18 and over,2015,Number,20209653.00
Texas,Age 18 and over,2011,Number,18715570.00
Texas,Age 18 and over,2012,Number,19087918.00
Texas,Age 18 and over,2014,Number,19816222.00
Texas,Age 18 and over,2016,Number,20568009.00
Utah,Age 18 and over,2016,Number,2129444.00
Utah,Age 18 and over,2012,Number,1966778.00
Utah,Age 18 and over,2014,Number,2037746.00
Utah,Age 18 and over,2011,Number,1933643.00
Utah,Age 18 and over,2015,Number,2079116.00
Utah,Age 18 and over,2010,Number,1901270.00
Utah,Age 18 and over,2009,Number,1865568.00
Utah,Age 18 and over,2013,Number,2004618.00
Utah,Age 18 and over,2007,Number,1782250.00
Utah,Age 18 and over,2008,Number,1825771.00
Utah,Age 18 and over,2005,Number,1689831.00
Utah,Age 18 and over,2006,Number,1735550.00
Utah,Age 18 and over,2004,Number,1649809.00
Utah,Age 18 and over,2003,Number,1619654.00
Utah,Age 18 and over,2002,Number,1591298.00
Utah,Age 18 and over,2001,Number,1556896.00
Utah,Age 18 and over,2000,Number,1522816.00
Utah,Age 18 and over,1999,Number,1488084.00
Utah,Age 18 and over,1998,Number,1456575.00
Utah,Age 18 and over,1997,Number,1420256.00
Utah,Age 18 and over,1995,Number,1334543.00
Utah,Age 18 and over,1996,Number,1380898.00
Utah,Age 18 and over,1993,Number,1235436.00
Utah,Age 18 and over,1994,Number,1286511.00
Utah,Age 18 and over,1991,Number,1142564.00
Utah,Age 18 and over,1992,Number,1188074.00
Utah,Age 18 and over,1990,Number,1104101.00
Vermont,Age 18 and over,1990,Number,421502.00
Vermont,Age 18 and over,1992,Number,425768.00
Vermont,Age 18 and over,1991,Number,423387.00
Vermont,Age 18 and over,1994,Number,433042.00
Vermont,Age 18 and over,1993,Number,429043.00
Vermont,Age 18 and over,1996,Number,442211.00
Vermont,Age 18 and over,1995,Number,437564.00
Vermont,Age 18 and over,1997,Number,447199.00
Vermont,Age 18 and over,1998,Number,451949.00
Vermont,Age 18 and over,1999,Number,456824.00
Vermont,Age 18 and over,2000,Number,462069.00
Vermont,Age 18 and over,2001,Number,466183.00
Vermont,Age 18 and over,2002,Number,471001.00
Vermont,Age 18 and over,2003,Number,475140.00
Vermont,Age 18 and over,2004,Number,478852.00
Vermont,Age 18 and over,2006,Number,486161.00
Vermont,Age 18 and over,2005,Number,482282.00
Vermont,Age 18 and over,2008,Number,491551.00
Vermont,Age 18 and over,2007,Number,488786.00
Vermont,Age 18 and over,2013,Number,503938.00
Vermont,Age 18 and over,2009,Number,494367.00
Vermont,Age 18 and over,2010,Number,497189.00
Vermont,Age 18 and over,2015,Number,505972.00
Vermont,Age 18 and over,2011,Number,499943.00
Vermont,Age 18 and over,2014,Number,505198.00
Vermont,Age 18 and over,2012,Number,501580.00
Vermont,Age 18 and over,2016,Number,506066.00
Virginia,Age 18 and over,2016,Number,6541685.00
Virginia,Age 18 and over,2012,Number,6328924.00
Virginia,Age 18 and over,2014,Number,6449703.00
Virginia,Age 18 and over,2011,Number,6250949.00
Virginia,Age 18 and over,2015,Number,6498523.00
Virginia,Age 18 and over,2010,Number,6170388.00
Virginia,Age 18 and over,2009,Number,6080805.00
Virginia,Age 18 and over,2013,Number,6396242.00
Virginia,Age 18 and over,2007,Number,5916614.00
Virginia,Age 18 and over,2008,Number,5995135.00
Virginia,Age 18 and over,2006,Number,5847357.00
Virginia,Age 18 and over,2005,Number,5760835.00
Virginia,Age 18 and over,2004,Number,5673617.00
Virginia,Age 18 and over,2003,Number,5584723.00
Virginia,Age 18 and over,2002,Number,5515626.00
Virginia,Age 18 and over,2001,Number,5443813.00
Virginia,Age 18 and over,2000,Number,5364397.00
Virginia,Age 18 and over,1999,Number,5277049.00
Virginia,Age 18 and over,1998,Number,5194657.00
Virginia,Age 18 and over,1997,Number,5145417.00
Virginia,Age 18 and over,1995,Number,5021688.00
Virginia,Age 18 and over,1996,Number,5086737.00
Virginia,Age 18 and over,1993,Number,4904872.00
Virginia,Age 18 and over,1994,Number,4964428.00
Virginia,Age 18 and over,1991,Number,4752959.00
Virginia,Age 18 and over,1992,Number,4832763.00
Virginia,Age 18 and over,1990,Number,4696214.00
Washington,Age 18 and over,1990,Number,3601498.00
Washington,Age 18 and over,1992,Number,3795277.00
Washington,Age 18 and over,1991,Number,3699097.00
Washington,Age 18 and over,1994,Number,3965239.00
Washington,Age 18 and over,1993,Number,3891126.00
Washington,Age 18 and over,1996,Number,4120140.00
Washington,Age 18 and over,1995,Number,4051630.00
Washington,Age 18 and over,1997,Number,4201101.00
Washington,Age 18 and over,1998,Number,4274778.00
Washington,Age 18 and over,1999,Number,4334740.00
Washington,Age 18 and over,2000,Number,4394151.00
Washington,Age 18 and over,2001,Number,4468195.00
Washington,Age 18 and over,2002,Number,4534694.00
Washington,Age 18 and over,2003,Number,4589238.00
Washington,Age 18 and over,2004,Number,4657894.00
Washington,Age 18 and over,2005,Number,4733415.00
Washington,Age 18 and over,2006,Number,4833827.00
Washington,Age 18 and over,2008,Number,5001929.00
Washington,Age 18 and over,2007,Number,4912005.00
Washington,Age 18 and over,2013,Number,5374543.00
Washington,Age 18 and over,2009,Number,5093023.00
Washington,Age 18 and over,2010,Number,5160782.00
Washington,Age 18 and over,2015,Number,5548508.00
Washington,Age 18 and over,2011,Number,5236874.00
Washington,Age 18 and over,2014,Number,5454113.00
Washington,Age 18 and over,2012,Number,5307242.00
Washington,Age 18 and over,2016,Number,5658502.00
West Virginia,Age 18 and over,2016,Number,1456034.00
West Virginia,Age 18 and over,2012,Number,1472114.00
West Virginia,Age 18 and over,2014,Number,1467733.00
West Virginia,Age 18 and over,2011,Number,1469572.00
West Virginia,Age 18 and over,2015,Number,1462528.00
West Virginia,Age 18 and over,2010,Number,1466954.00
West Virginia,Age 18 and over,2009,Number,1458739.00
West Virginia,Age 18 and over,2013,Number,1470695.00
West Virginia,Age 18 and over,2007,Number,1443391.00
West Virginia,Age 18 and over,2008,Number,1450100.00
West Virginia,Age 18 and over,2006,Number,1437275.00
West Virginia,Age 18 and over,2005,Number,1430061.00
West Virginia,Age 18 and over,2004,Number,1424582.00
West Virginia,Age 18 and over,2003,Number,1419835.00
West Virginia,Age 18 and over,2002,Number,1411845.00
West Virginia,Age 18 and over,2001,Number,1406174.00
West Virginia,Age 18 and over,2000,Number,1405959.00
West Virginia,Age 18 and over,1999,Number,1405015.00
West Virginia,Age 18 and over,1998,Number,1402816.00
West Virginia,Age 18 and over,1997,Number,1401076.00
West Virginia,Age 18 and over,1996,Number,1399977.00
West Virginia,Age 18 and over,1995,Number,1394910.00
West Virginia,Age 18 and over,1993,Number,1385175.00
West Virginia,Age 18 and over,1994,Number,1391293.00
West Virginia,Age 18 and over,1991,Number,1364817.00
West Virginia,Age 18 and over,1992,Number,1373335.00
West Virginia,Age 18 and over,1990,Number,1355751.00
Wisconsin,Age 18 and over,1990,Number,3601693.00
Wisconsin,Age 18 and over,1992,Number,3694843.00
Wisconsin,Age 18 and over,1991,Number,3649488.00
Wisconsin,Age 18 and over,1994,Number,3785568.00
Wisconsin,Age 18 and over,1993,Number,3747555.00
Wisconsin,Age 18 and over,1995,Number,3833493.00
Wisconsin,Age 18 and over,1996,Number,3877109.00
Wisconsin,Age 18 and over,1997,Number,3906501.00
Wisconsin,Age 18 and over,1998,Number,3934766.00
Wisconsin,Age 18 and over,1999,Number,3965647.00
Wisconsin,Age 18 and over,2000,Number,4003559.00
Wisconsin,Age 18 and over,2001,Number,4039242.00
Wisconsin,Age 18 and over,2002,Number,4079847.00
Wisconsin,Age 18 and over,2003,Number,4120698.00
Wisconsin,Age 18 and over,2004,Number,4159383.00
Wisconsin,Age 18 and over,2005,Number,4196300.00
Wisconsin,Age 18 and over,2006,Number,4228870.00
Wisconsin,Age 18 and over,2008,Number,4295423.00
Wisconsin,Age 18 and over,2007,Number,4261874.00
Wisconsin,Age 18 and over,2013,Number,4434308.00
Wisconsin,Age 18 and over,2009,Number,4326853.00
Wisconsin,Age 18 and over,2010,Number,4353262.00
Wisconsin,Age 18 and over,2015,Number,4473280.00
Wisconsin,Age 18 and over,2011,Number,4382924.00
Wisconsin,Age 18 and over,2014,Number,4456356.00
Wisconsin,Age 18 and over,2012,Number,4409107.00
Wisconsin,Age 18 and over,2016,Number,4491015.00
Wyoming,Age 18 and over,2016,Number,446600.00
Wyoming,Age 18 and over,2012,Number,440240.00
Wyoming,Age 18 and over,2014,Number,445191.00
Wyoming,Age 18 and over,2011,Number,432208.00
Wyoming,Age 18 and over,2015,Number,447010.00
Wyoming,Age 18 and over,2010,Number,429023.00
Wyoming,Age 18 and over,2009,Number,424891.00
Wyoming,Age 18 and over,2013,Number,444992.00
Wyoming,Age 18 and over,2007,Number,406116.00
Wyoming,Age 18 and over,2008,Number,414532.00
Wyoming,Age 18 and over,2006,Number,397142.00
Wyoming,Age 18 and over,2005,Number,390135.00
Wyoming,Age 18 and over,2004,Number,385132.00
Wyoming,Age 18 and over,2003,Number,379271.00
Wyoming,Age 18 and over,2002,Number,374522.00
Wyoming,Age 18 and over,2001,Number,368445.00
Wyoming,Age 18 and over,2000,Number,365526.00
Wyoming,Age 18 and over,1999,Number,360987.00
Wyoming,Age 18 and over,1998,Number,358185.00
Wyoming,Age 18 and over,1997,Number,355124.00
Wyoming,Age 18 and over,1996,Number,352469.00
Wyoming,Age 18 and over,1995,Number,348375.00
Wyoming,Age 18 and over,1993,Number,335623.00
Wyoming,Age 18 and over,1994,Number,342550.00
Wyoming,Age 18 and over,1991,Number,322540.00
Wyoming,Age 18 and over,1992,Number,328943.00
Wyoming,Age 18 and over,1990,Number,317612.00
Puerto Rico,Age 18 and over,1990,Number,N.A.
Puerto Rico,Age 18 and over,1992,Number,N.A.
Puerto Rico,Age 18 and over,1991,Number,N.A.
Puerto Rico,Age 18 and over,1994,Number,N.A.
Puerto Rico,Age 18 and over,1993,Number,N.A.
Puerto Rico,Age 18 and over,1995,Number,N.A.
Puerto Rico,Age 18 and over,1997,Number,N.A.
Puerto Rico,Age 18 and over,1996,Number,N.A.
Puerto Rico,Age 18 and over,1998,Number,N.A.
Puerto Rico,Age 18 and over,1999,Number,N.A.
Puerto Rico,Age 18 and over,2000,Number,2721542.00
Puerto Rico,Age 18 and over,2001,Number,2741208.00
Puerto Rico,Age 18 and over,2002,Number,2758650.00
Puerto Rico,Age 18 and over,2003,Number,2775480.00
Puerto Rico,Age 18 and over,2004,Number,2790959.00
Puerto Rico,Age 18 and over,2005,Number,2801915.00
Puerto Rico,Age 18 and over,2006,Number,2806671.00
Puerto Rico,Age 18 and over,2007,Number,2809382.00
Puerto Rico,Age 18 and over,2008,Number,2815161.00
Puerto Rico,Age 18 and over,2013,Number,2788770.00
Puerto Rico,Age 18 and over,2009,Number,2819616.00
Puerto Rico,Age 18 and over,2010,Number,2824501.00
Puerto Rico,Age 18 and over,2015,Number,2740766.00
Puerto Rico,Age 18 and over,2011,Number,2812114.00
Puerto Rico,Age 18 and over,2014,Number,2765930.00
Puerto Rico,Age 18 and over,2012,Number,2799032.00
Puerto Rico,Age 18 and over,2016,Number,2715435.00
